position,randomise,channel_id,channel_title,video_id,url,published_at,published_at_sql,year,month,day,video_title,video_description,tags,video_category_label,topic_categories,duration_sec,definition,caption,default_language,default_l_audio_language,thumbnail_maxres,licensed_content,location_description,view_count,like_count,favorite_count,comment_count,controversy,clicks,body_politics,eff_lead
50,702,UCI3RT5PGmdi1KVp9FG_CneA,eNCA,YUmIAd_O0U4,https://www.youtube.com/watch?v=YUmIAd_O0U4,2020-09-11T05:34:52Z,2020-09-11 5:34:52,2020,9,11,Clicks has committed to spend more money with small businesses,"Clicks has committed to spend more money with small businesses, and support local beauty and hair brands. The beleaguered retailer met with Small Business Development Minister, Khumbudzo Ntshavheni after the offensive advert uproar. Earlier this week, the minister rejected Clicks' apology. Courtesy #DStv403",na,News & Politics,business;society;television_program,315,hd,FALSE,en,en,https://i.ytimg.com/vi/YUmIAd_O0U4/maxresdefault.jpg,1,na,910,7,0,na,yes,yes,yes,no
214,762,UClY87IoUANFZtswyC9GeecQ,Beauty recipes,AGJmRd4XqEE,https://www.youtube.com/watch?v=AGJmRd4XqEE,2022-11-26T09:08:54Z,2022-11-26 9:08:54,2022,11,26,Apply Vaseline & Turmeric on Face to Remove DARK SPOTS in 3 Days - Best Collagen Cream for Wrinkles,"Super Amazing Vaseline beauty Hacks Every Girl / Women Should Know | Vaseline Beauty Hacks Best Face Packs & Masks for Glowing Skin in India : All Skin Types Clear Skin face pack, glowing skin face pack, skin tightening face pack, remove wrinkles with face pack, face pack to remove dark spots, face pack to remove pimples, acne face pack, skin brightening face pack, overnight face pack, glass skin face pack. Green tea face pack, almond face pack, papaya face pack, multani mitti face pack, turmeric face pack, besan face pack, aloevera face pack, oats face pack. Like us on Facebook https://www.facebook.com/Beauty-Recip... follow us on Instagram https://www.instagram.com/beauty.reci... Welcome to Beauty Recipes. We provide you home remedies for health, skin, hair and all beauty problems. Disclaimer : These contents or videos are only intended for informational purpose.Any information associated with these videos should not be considered as a substitute for prescription suggested by beauty, diet and health care professionals.Viewers are subjected to use these information on their own risk.This channel doesn‚Äôt take any responsibility for any harm, side-effects, illness or any health or skin care problems caused due to the use of our content or anything related to this. Please always remember, products that work for me, may not work for you, always try & either get a sample or test them out before buying if you are unsure. If not, you don't have to use the exact same products as me, you can always use similar products or your favorites instead.",vaseline for face;vaseline for skin;vaseline night cream;vaseline for dark spots;petroleum jelly hacks,Howto & Style,health;lifestyle_(sociology),70,hd,TRUE,na,en,https://i.ytimg.com/vi/AGJmRd4XqEE/maxresdefault.jpg,1,na,263208,1968,0,71,no,no,yes,no
263,952,UCYeHXDmIJDiF1DVQM0qfNWQ,Mama Shirat,19uG9pR-UEE,https://www.youtube.com/watch?v=19uG9pR-UEE,2022-07-25T09:43:48Z,2022-07-25 9:43:48,2022,7,25,"Best skin whitening tube cream| Lemonvate cream,skin balance cream",na,na,Howto & Style,health;lifestyle_(sociology),154,hd,FALSE,na,en-US,https://i.ytimg.com/vi/19uG9pR-UEE/maxresdefault.jpg,1,na,41626,320,0,64,yes,no,yes,no
30,785,UC8yH-uI81UUtEMDsowQyx1g,SABC News,PNom9RIla7o,https://www.youtube.com/watch?v=PNom9RIla7o,2020-09-10T10:43:28Z,2020-09-10 10:43:28,2020,9,10,Clicks advert row | EFF and Clicks management meet over racist advert,"The EFF is meeting with a delegation from Clicks and British consumer goods company Unilever. They'll discuss the controversial hair advert that saw the red berets protest and close down Clicks stores this week. For more on the meeting between the EFF and Clicks management we now cross live to our reporter Natasha Phiri in Braamfontein. For more news, visit sabcnews.com and also #SABCNews, #Coronavirus, #COVID19, #COVID-19News on Social Media.",sabc news;actuality;world news;local news;coronavirus;covid-19;covid-19 lockdown;covid-19 news;eff;clicks;braamfontein,News & Politics,health;society,442,hd,FALSE,na,en,https://i.ytimg.com/vi/PNom9RIla7o/maxresdefault.jpg,1,na,22079,125,0,105,yes,yes,yes,yes
2,944,UCI3RT5PGmdi1KVp9FG_CneA,eNCA,li3_91gCQHc,https://www.youtube.com/watch?v=li3_91gCQHc,2020-09-09T04:30:37Z,2020-09-09 4:30:37,2020,9,9,Expose the executives behind the Clicks ad,No comment...for the racist hair advert that's landed Clicks in trouble. Calls to the manufacturer of Tresemme hair products have gone unanswered. Clicks says the executives and agency responsible for the ad should be named. Courtesy #DStv403,na,News & Politics,health;society;television_program,76,hd,FALSE,en,en,https://i.ytimg.com/vi/li3_91gCQHc/maxresdefault.jpg,1,na,6745,10,0,na,yes,yes,yes,no
13,679,UCI3RT5PGmdi1KVp9FG_CneA,eNCA,qvd3C1ZAAmQ,https://www.youtube.com/watch?v=qvd3C1ZAAmQ,2020-09-08T16:57:47Z,2020-09-08 16:57:47,2020,9,8,Part 2 | Clicks natural hair campaign labelled 'racist',"Beauty and health retailer, Clicks received backslash for degrading natural black hair, with the Economic Freedom Fighters protesting and calling for the closure of clicks stores nationwide. Courtesy #DStv403",na,News & Politics,health;society;television_program,1085,hd,FALSE,en,en,https://i.ytimg.com/vi/qvd3C1ZAAmQ/maxresdefault.jpg,1,na,103706,709,0,na,yes,yes,yes,no
17,647,UC8yH-uI81UUtEMDsowQyx1g,SABC News,rRg8J3lqaPc,https://www.youtube.com/watch?v=rRg8J3lqaPc,2020-09-08T04:44:23Z,2020-09-08 4:44:23,2020,9,8,Government calls for calm after anti-Clicks protests,"Government has called for calm following Monday's anti-Clicks protests. It says while it's noted the public's outrage over the Clicks hair advert, engaging in lawless behaviour is not the way to resolve conflict. Meanwhile, the EFF maintains it did not commission the destruction of property. For more news, visit sabcnews.com and also #SABCNews, #Coronavirus, #COVID19, #COVID-19News on Social Media.",sabc news;actuality;world news;local news;coronavirus;covid-19;covid-19 lockdown;covid-19 news;clicks;economic freedom fighters,News & Politics,health;society;television_program,121,hd,FALSE,na,en,https://i.ytimg.com/vi/rRg8J3lqaPc/maxresdefault.jpg,na,na,2329,18,0,7,yes,yes,yes,no
24,886,UCI3RT5PGmdi1KVp9FG_CneA,eNCA,vaSOdyC3iNk,https://www.youtube.com/watch?v=vaSOdyC3iNk,2020-09-04T11:32:18Z,2020-09-04 11:32:18,2020,9,4,Clicks in hot water,"Health and beauty retailer, Clicks, is in hot water. over images on its website. Many believe they show prejudice against natural black hair. Courtesy #DStv403",na,News & Politics,health;society;television_program,206,hd,FALSE,en,en,https://i.ytimg.com/vi/vaSOdyC3iNk/maxresdefault.jpg,1,na,108013,115,0,na,yes,yes,yes,no
36,663,UC8yH-uI81UUtEMDsowQyx1g,SABC News,TLAxmusluVw,https://www.youtube.com/watch?v=TLAxmusluVw,2020-09-07T07:45:20Z,2020-09-07 7:45:20,2020,9,7,EFF takes on Clicks over racist advert in Sandton City Mall: Natasha Phiri,"EFF Deputy President Floyd Shivambu will be at the Clicks store at the Sandton City Mall as part of the party's campaign to shut down Clicks stores due to the advert. Our reporter Natasha Phiri is there. For more news, visit sabcnews.com and also #SABCNews, #Coronavirus, #COVID19, #COVID-19News on Social Media.",sabc news;actuality;world news;local news;coronavirus;covid-19;covid-19 lockdown;covid-19 news;economic freedom fighters;clicks;floyd shivambu;sandton city mall,News & Politics,health;society;television_program,272,hd,FALSE,na,en,https://i.ytimg.com/vi/TLAxmusluVw/maxresdefault.jpg,1,na,25313,133,0,131,yes,yes,yes,yes
72,810,UC8yH-uI81UUtEMDsowQyx1g,SABC News,N2d1eBI5Zjc,https://www.youtube.com/watch?v=N2d1eBI5Zjc,2020-09-07T07:43:52Z,2020-09-07 7:43:52,2020,9,7,EFF embarks on nationwide shutdown of Clicks stores in Goodwood Mall: Mariska Botha,"The EFF has threatened to shut down all Clicks stores across the country if it continues operating. The party has called for the closure of the health and lifestyle retail stores after it failed to meet its list of demands for corrective action over its controversial online advert. Clicks later removed the images and posted an apology, but the EFF says it's not convinced the apology is genuine. Our reporter Mariska Botha is at Goodwood. For more news, visit sabcnews.com and also #SABCNews, #Coronavirus, #COVID19, #COVID-19News on Social Media.",sabc news;actuality;world news;local news;coronavirus;covid-19;covid-19 lockdown;covid-19 news;economic freedom fighters;clicks;goodwood;western cape,News & Politics,health;society;television_program,276,hd,FALSE,na,en,https://i.ytimg.com/vi/N2d1eBI5Zjc/maxresdefault.jpg,1,na,7297,74,0,34,yes,yes,yes,yes
54,999,UCf_tny2C600yHWOO_XJJ_rQ,Graga wa Drama,p1YSMSYcv4Y,https://www.youtube.com/watch?v=p1YSMSYcv4Y,2020-09-12T14:58:31Z,2020-09-12 14:58:31,2020,9,12,Clicks Hair Ad|Clicks Pay Back Our Money |Clicks Owes Us||2020|South African Youtuber,#RacisimMustFall #ClicksMustFall #NatualHair #OurHair #OurCrown #ClicksMustPay,na,People & Blogs,lifestyle_(sociology),204,hd,FALSE,na,na,na,na,na,483,70,0,95,yes,yes,yes,no
58,841,UCir1mKgQMu5LAiCI2eFY01w,Shiro,w1yFskyg-PU,https://www.youtube.com/watch?v=w1yFskyg-PU,2020-09-15T14:59:03Z,2020-09-15 14:59:03,2020,9,15,clicks' hair advert goes south | shi talks,"Fellow beings! Clicks posted controversial advert and south africa didn't hold back in expressing how they felt about it. And well, i'm here to talk about it. Also... I really want this channel to grow, so please show your support. It'll costs you N$ 0.00. And I know we all love free stuff. You can do so by subscribing, liking, hitting the notification bell and even more importantly sharing it with people you know. My Social Media (emphasis on the singular 'media' cause I don't tweet or snap) https://www.instagram.com/shiro.w.mwangi/ Equipment Camera - Nikon D5300 https://www.amazon.com/Nikon-Digital-18-55mm-3-5-5-6G-Focus-S/dp/B00I1CPA0O/ref=sr_1_2?dchild=1&keywords=Nikon+D5300&qid=1595656641&s=electronics&sr=1-2 Editing - iMovie Tripod - books, keys, bottles, literally anything",shiro;shiro mwangi;clicks hair advert;clicks hair advert tresemme;tresemme adver;tresemme advert south africa;tresemme advert clicks;tresemme advert 2020 south africa;clicks advert south africa;clicks advert eff;clicks advert on black hair;clicks advert about natural hair;clicks advert gone wrong,Howto & Style,lifestyle_(sociology),522,hd,FALSE,na,en,https://i.ytimg.com/vi/w1yFskyg-PU/maxresdefault.jpg,na,na,278,21,0,6,yes,yes,yes,no
93,742,UCzhqkiDP9FSd97bVuMN0cYA,Clicks South Africa,k0k5WYvWsZk,https://www.youtube.com/watch?v=k0k5WYvWsZk,2020-02-14T12:56:31Z,2020-02-14 12:56:31,2020,2,14,NEW Pond's mineral clay cleansers at Clicks!,"Brighten, target pimples and purify your skin with the new Ponds mineral clay cleaners! Available NOW! #Skincare #Beauty #Clicks",na,Howto & Style,lifestyle_(sociology),17,hd,FALSE,na,na,https://i.ytimg.com/vi/k0k5WYvWsZk/maxresdefault.jpg,na,na,1281,6,0,0,no,yes,yes,no
103,707,UC8qg7_sJ8NM3D3GJgoEbMFA,Hot Mzansi,8GpjtyzDHQ8,https://www.youtube.com/watch?v=8GpjtyzDHQ8,2020-09-07T07:27:00Z,2020-09-07 7:27:00,2020,9,7,WATCH | Beautiful SA Women Send STRONG Messages To CLICKS After Racist Advert,WATCH | Beautiful SA Women Send STRONG Messages To CLICKS After Racist Advert,clicks advert;clicksmustfall;eff;julius malema;clicks shops;sa celebrity stories;sabc digital news;enca;news24;hotmzansi;owamie hlongwane entertainment,People & Blogs,lifestyle_(sociology),225,sd,FALSE,na,na,https://i.ytimg.com/vi/8GpjtyzDHQ8/maxresdefault.jpg,1,na,18908,176,0,39,yes,yes,yes,no
123,971,UCoW2Cv8gzZv6LqYhVgxyTzQ,Owamie Entertainment,OOGgY-r5gqg,https://www.youtube.com/watch?v=OOGgY-r5gqg,2020-09-08T05:00:01Z,2020-09-08 5:00:01,2020,9,8,"Clicks In Hot Water After They Claimed Black People's Hair Is Dry, Damaged And Frizzy","Clicks In Hot Water After They Claimed Black People's Hair Is Dry, Damaged And Frizzy #Clicks #AlindeNgubane #Tresemme Alinde Ngubane's channel https://www.youtube.com/channel/UCPM7MduOm176M3fAvy1yNdw",na,Entertainment,lifestyle_(sociology),898,hd,FALSE,na,na,https://i.ytimg.com/vi/OOGgY-r5gqg/maxresdefault.jpg,1,na,10647,549,0,232,yes,yes,yes,no
152,964,UCc3j4dEIT7Cp4IGDnEm1ElA,Buhle N,BLKsoIibUFg,https://www.youtube.com/watch?v=BLKsoIibUFg,2022-07-14T13:00:06Z,2022-07-14 13:00:06,2022,7,14,MY *ABSOLUTE* FAVOURITE 4C HAIR PRODUCTS | THE HOLY GRAIL OF 4C HAIRCARE ft my favourite tools,"***OPEN ME üòÉ*** For best viewing pleasure, watch in HD 1080p ‚Äî‚Äî‚Äî‚Äî‚Äî‚Äî‚Äî‚Äî‚Äî‚Äî‚Äî‚Äî Molweni, molweni! I hope you‚Äôre well. Today I round up aaaallll my favourite hair products for 4c natural hair. I‚Äôd like to be of the opinion that most of the products mentioned are affordable natural hair products AND they are great for incorporating into a Afro winter haircare routine. These products are also beginner friendly and should form part of a beginner‚Äôs must have natural hair products. Most of these brands are proudly South African, except for palmers. I definitely love supporting local & truly, local is lekker. Don‚Äôt forget to like, comment, share and subscribe Products mentioned: Native child moisturising shampoo: Afrobotanics amina deep conditioner: Palmers natural fusions chia seed and Argan oil hair mask: R30-R60 My natural hair Hydration mask: R159 Girl boss mango & marula leave-in conditioner spray: My natural hair Leave-in conditioner: R137 Girl boss mango & marula growth butter: Double power curl butter: couldn‚Äôt find the price Products are available at clicks, dischem, cosmetic connection & TakeAlot ‚Äî‚Äî‚Äî‚Äî‚Äî‚Äî‚Äî‚Äî‚Äî‚Äî‚Äî‚Äî Socials: IG: buhlenaledi Tik tok: BuhleN_ Email: beengindi@gmail.com ‚Äî‚Äî‚Äî‚Äî‚Äî‚Äî‚Äî‚Äî‚Äî‚Äî‚Äî‚Äî‚Äî‚Äî‚Äî‚Äî‚Äî‚Äî‚Äî #southafricanyoutuber #roadto1k #winterhaircare Music by STUDIO BEYOND - Lazy Anonymous - https://thmatc.co/?l=7C10B70B",favourite winter hair products;favourite natural hair products 2022;favourite 4c winter hair products;4c hair wash day products;best wash day products for 4c hair;4c winter hair care;4c products for hair growth;4c hair product reviews;high porosity;high porosity natural hair;high porosity hair products;low porosity natural hair;low porosity hair products;4c deep conditioner;4c hair loc method;4c winter moisture routine;beginner natural hair products,People & Blogs,lifestyle_(sociology),646,hd,FALSE,na,en-GB,https://i.ytimg.com/vi/BLKsoIibUFg/maxresdefault.jpg,na,na,405,27,0,12,yes,no,yes,no
174,774,UCnqXhJv3cDVZ1Sa-j-zOhxw,Tshidi Radebe,1oOguDMFQCk,https://www.youtube.com/watch?v=1oOguDMFQCk,2020-01-08T08:07:35Z,2020-01-08 8:07:35,2020,1,8,Clicks AfriTrue Naturals REVIEW| FULL WASHDAY ROUTINE + BLOW DRYING,"Hello Beautiful Souls. I hope that you have began this year by setting intentions because I know that I Have. So in this video I share with you my tips and tricks that are important for you to know when you are growing your natural hair. If you think I missed something, please comment in the description box below and Thanks for watching. Ring light https://www.takealot.com/18-led-changing-colour-ring-light-with-stand/PLID56137334 Camera https://www.takealot.com/canon-g7x-iii-digital-camera-black/PLID55392367 Editing Software: iMovie on MacBook Pro Products: Clicks Afritrue natural hair range. Hair dryer: https://clicks.co.za/revlon_pro-collection-one-step-hairdryer-and-styler/p/291598 Being One with you while bonding through beauty tutorials and random life experiences & advice. More of Me IG: https://www.instagram.com/tshidiradebe/?hl=en Facebook: https://web.facebook.com/TheTshidiRadebe/ Twitter:https://twitter.com/TheTshidiRadebe Email: tshidiradebesa@gmail.com",makeup;south african youtuber;natural hair;4chair;natural hair tutorials;skin care routine;how to style natural 4c hair;south african makeup;affordable makeup in south africa;affordable skin care routine;affordable natural hair products;eyeshadow tutorial;quick easy makeup look,Howto & Style,lifestyle_(sociology),860,hd,FALSE,na,en,https://i.ytimg.com/vi/1oOguDMFQCk/maxresdefault.jpg,1,na,5412,117,0,33,no,yes,yes,no
181,994,UCo-W6PLRXUAFF5mFZZlQ7ug,Justine South Africa Official,RTi9UrrwAxE,https://www.youtube.com/watch?v=RTi9UrrwAxE,2020-10-02T06:41:37Z,2020-10-02 6:41:37,2020,10,2,Lorna Maseko's Justine Skincare Routine,"Welcome to Lorna's Justine skincare routine. Step 1. Cleanse - remove dead skin cells Step 2. Serum - molecules penetrate the skin deeper for long term benefits Step 3. Day Cream - improves hyper pigmentation and dark spots, protecting your skin against the sun Step 4. Eye Cream - apply by dotting and patting, not pulling or dragging Step 5. Apply make up next",justine south africa;tissue oil;science and nature;a-firm;brightening;afirm;afirm brightening;justine brightening;skincare;pigmentation;south african;south african skincare;south african skin care;lorna maseko;proudly south african,Howto & Style,lifestyle_(sociology),102,hd,FALSE,na,en,na,na,na,1052,11,0,1,no,no,yes,no
244,799,UCHNghz0V60kgRrAgSRXh7_g,Morexskinglow,ruvzfVd2HWk,https://www.youtube.com/watch?v=ruvzfVd2HWk,2023-06-25T20:25:16Z,2023-06-25 20:25:16,2023,6,25,Use any of this 2 Lightening body lotion to lighten your skin safely for best result,#skinlightening #skinwhitening #skincare This body lotions will lighten your skin without any reaction they contain safe ingredients,best skin lightening lotion in nigerian;skin whitening;skin lightening cream;skin lightening;whitening skin cream;whitening cream;skin lightening products;skin lightening lotion without hydroquinone;skin lightening lotion for black skin;skin lightening lotion fair skin;best skin lightening cream;skin lightening treatment;how to lighten skin;effective skin lightening cream;effective skin lightening lotion;best cream to lighten skin;best skin lightening lotion,Howto & Style,lifestyle_(sociology),602,hd,FALSE,en,en,https://i.ytimg.com/vi/ruvzfVd2HWk/maxresdefault.jpg,1,Nigeria,91347,796,0,240,no,no,yes,no
282,927,UCyUGkZZkh-TLTqAMokupeyQ,Azana Jezile,SSj5wOh3hD8,https://www.youtube.com/watch?v=SSj5wOh3hD8,2021-12-21T01:07:09Z,2021-12-21 1:07:09,2021,12,21,Zinc and Castor oil for dark spots review| Does it work?,"Hey loves üòÑ Welcome back to another video in today‚Äôs video I am doing a review on the Zinc and Castor oil for dark spots I am testing if this works ? If you interested to see then watch until the end to see my results. Don‚Äôt forget to like, comment and most importantly subscribe for more weekly videos. Catch up on my other videos below ‚¨áÔ∏è Vlogmas-Daughters graduation,Meet my mom,cooking‚Ä¶ https://youtu.be/inVCJvEo4Do How to design your dream marriage today ?| Azana Jezile https://youtu.be/bSw3D1v2FfA VLOGMAS -A black Christmas| Christmas clothes, 7 colours, Choice Assorted biscuits.. https://youtu.be/ADP5mt6HiZ0 Contact Me üì± ‚¨áÔ∏è Email for collaborations and PR ; jezileazana0@gmail.com Instagram; https://www.instagram.com/azana_jezile/ Ticktok: www.tiktok.com/@azanajezile #zincandcastoroilfordarkspots#zincandcastoroil#skin",azana jezile;how to get rid of dark spots on your face;how to remove dark spots from face at home;zinc and castor oil for dark spots;zinc and castor oil for dark spots review does it work ?;zinc and castor oil for dark spots review does it work ? azana jezile;zinc and castor oil cream for face;how to get rid of dark spots;how to get rid of dark spots on your face naturally;how to remove dark spots;lukha and aza;remove dark spots;south african youtuber,Howto & Style,lifestyle_(sociology),626,hd,FALSE,na,en-US,https://i.ytimg.com/vi/SSj5wOh3hD8/maxresdefault.jpg,1,na,65647,755,0,64,no,no,yes,no
257,755,UCmhscN68bQ9O7IP8cZqI-lQ,The Hottest Scoop,iLYrWlMFJeo,https://www.youtube.com/watch?v=iLYrWlMFJeo,2020-09-08T08:05:06Z,2020-09-08 8:05:06,2020,9,8,This is why KFC and Clicks landed in hot waters,na,clickssa.kfc sa .family feud.etv.,People & Blogs,lifestyle_(sociology);television_program,355,sd,FALSE,na,na,na,na,na,29,1,0,0,yes,yes,yes,no
92,660,UCBVQiMyzA-ZklUJVRavnvew,Renaldo Gouws,rSojJTYFmoI,https://www.youtube.com/watch?v=rSojJTYFmoI,2020-09-07T15:45:15Z,2020-09-07 15:45:15,2020,9,7,EFF Destroy Clicks Stores | South Africa (2020),"#Clicks #EFF #ClicksMustFall Julius Malema and the EFF followed through with their threats of destroying Clicks stores. The court even came out earlier today and dismissed Clicks's application to protect them from EFF members threatening them and their property. Shameful! Buy my Merch: http://www.tsekclothing.com Become a Member: https://bit.ly/2EsFJkI Donate via Zapper/Snapscan: https://bit.ly/3455PCl Donate via Paypal: https://paypal.me/renaldogouws Subscribe on Youtube : http://bit.ly/1QhM6Gp Be sure to like, leave a comment, share the video and subscribe! Get in touch with me : Facebook : https://www.facebook.com/renaldogouws Twitter : https://twitter.com/RenaldoGouws Instagram : https://instagram.com/renaldogouws End Credit Music: Jashmir Stream/Buy Link: https://fanlink.to/MaSeKind Instagram: https://www.instagram.com/jashmirsa/ TikTok: https://www.tiktok.com/@jashmirsa Twitter: https://www.twitter.com/jashmirsa/",renaldo gouws;south africa;south african reporter;news;eff;clicks;economic freedom fighters;malema;ndlozi;shivambu;julius malema;clicksmustfall,News & Politics,politics;society,426,hd,FALSE,en,en,https://i.ytimg.com/vi/rSojJTYFmoI/maxresdefault.jpg,na,na,44140,2319,0,921,yes,yes,yes,yes
194,811,UCfPSZe62Z19YFJM6CYk8WQg,Havoc Mckush,7wywihVsSmc,https://www.youtube.com/watch?v=7wywihVsSmc,2020-09-07T09:02:24Z,2020-09-07 9:02:24,2020,9,7,EFF vs Clicks CHAOS!!!!!! and Disruption of services across south africa,"#EFF vs #Clicks EFF loot and Destroying clicks stores because of a ""racist"" ad clicks posted. is all this service disruption necessary? as clicks has apologized, please tell us your thoughts in the comments below.",clicks hair advert;clicks advert;clicks eff;clicks advert hair;eff clicks;eff songs;eff press conference today,Entertainment,politics;society,136,hd,FALSE,na,na,https://i.ytimg.com/vi/7wywihVsSmc/maxresdefault.jpg,na,na,363,3,0,2,yes,yes,yes,yes
197,776,UCWGHnEsby7LeFneb3olsE3g,emzi info,N7SMYBZxNbI,https://www.youtube.com/watch?v=N7SMYBZxNbI,2020-09-07T11:19:10Z,2020-09-07 11:19:10,2020,9,7,EFF closing clicks in Goodwood | EFF protest against racism,"for more update subscribe to the channel. eff south africa 2020, eff south africa songs, eff south africa latest news, eff south africa kill the boer, eff south africa news, eff south africa website, eff south africa protest, eff latest, eff news south africa, sona 2020 south africa eff disruption, eff parliament fights south africa 2014, eff history of south africa, south africa eff leader, eff lockdown south africa, eff of south africa, eff party south africa, parliament south africa eff 2020, eff struggle songs south africa Saupdate,eff protest for george floyd,eff protest march today,eff protest in cape town,eff protests today,eff protest in sandton today,EFF PROTEST AGAINST CLICKS,eff south africa 2020,eff south africa songs,eff south africa latest news,eff south africa kill the boer,eff south africa news,eff south africa website,eff south africa protest,eff latest,eff news south africa,south africa eff leader,eff lockdown south africa,eff struggle songs south africa julius malema,julius malema 2020,julius malema interview,julius malema funny moments,eff protest for george floyd,eff protest march today,eff protest in cape town,protest about clicks store,clicks store,EFF protest about racism,julius malema speaks,julius malema studies,malema julius today,julius malema press,julius malema today,EFF fighting with enca reporter,clicks hair advertise,clicks hair racist advertise reaction,what clicks advertise wrong",eff protest songs;eff protest for george floyd;eff protest at us embassy;eff protest at free state university;eff protest march today;eff protest in cape town;eff protests today;eff protest in sandton today;eff protest sandton;eff h&m protest;jeff protest;jeff wittek shot protest;jeff bezos house protest;protest against jeff bezos;jeff shot at protest;eff warns clicks to close;eff protest for close clicks,Entertainment,politics;society,95,hd,FALSE,na,na,na,na,na,275,0,0,0,yes,yes,yes,yes
207,962,UCMdjCTk2r27qnDe05x1uryw,Prophet Pastor Ran,ZndDor2DQrk,https://www.youtube.com/watch?v=ZndDor2DQrk,2020-09-07T16:37:07Z,2020-09-07 16:37:07,2020,9,7,EFF vs Clicks | EFF Julius Malema calls for shutdown over racist hair advert,na,na,Entertainment,politics;society,552,hd,FALSE,en-US,en,na,1,na,1025,na,0,5,yes,yes,yes,yes
262,941,UCgDipoO5CftWW8h3bKxYb1g,Zenobia,uhMDUsSRyms,https://www.youtube.com/watch?v=uhMDUsSRyms,2020-09-07T08:35:25Z,2020-09-07 8:35:25,2020,9,7,"WATCH: TRACKING EFF PROTEST IN VARIOUS CLICKS STORES, CAPE TOWN, MIDRAND AND POLOKWANE",na,na,People & Blogs,politics;society,120,sd,FALSE,na,na,na,na,na,94,1,0,0,yes,yes,yes,yes
294,909,UC7L_ne-4n6TRiEADsyKWZTg,VIRAL VIDZ RSA,-Rqypb9b4qM,https://www.youtube.com/watch?v=-Rqypb9b4qM,2020-09-06T16:18:06Z,2020-09-06 16:18:06,2020,9,6,The EFF threatens Clicks if they do not close stores tomorrow South Africa,The EFF is threatening Clicks if they do not close stores tomorrow South Africa,na,Comedy,politics;society,116,sd,FALSE,na,en,na,na,na,48,1,0,0,yes,yes,yes,yes
295,973,UCHSTgLswpJdPMPJcKN89bgQ,Ayanda Mafuyeka,6owbOnCkm8Q,https://www.youtube.com/watch?v=6owbOnCkm8Q,2020-09-07T22:04:26Z,2020-09-07 22:04:26,2020,9,7,EFF VS Clicks,na,na,People & Blogs,politics;society,1575,hd,FALSE,na,na,na,na,na,6,1,0,0,yes,yes,yes,yes
311,723,UCn-iROiEweOztzzo2USBvBg,NewsLiteSA,9BsH--_T0to,https://www.youtube.com/watch?v=9BsH--_T0to,2020-09-07T07:43:37Z,2020-09-07 7:43:37,2020,9,7,EFF shutdown major Clicks stores,EFF shutdown major Clicks stores,na,News & Politics,politics;society,86,hd,FALSE,na,na,https://i.ytimg.com/vi/9BsH--_T0to/maxresdefault.jpg,na,na,1299,2,0,1,yes,yes,yes,yes
64,771,UCI3RT5PGmdi1KVp9FG_CneA,eNCA,flzoE9zL_KA,https://www.youtube.com/watch?v=flzoE9zL_KA,2020-09-07T11:28:32Z,2020-09-07 11:28:32,2020,9,7,Clicks Staff safety a concern | EFF clashes,"The EFF has forced several Clicks stores across the country to close. Clicks triggered a massive backlash after posting images which most people viewed as showing prejudice against black women. But there are concerns about the safety of the company's staff. South African Commercial, Catering and Allied Workers Union spokesperson Lucas Ramatlhodi joins us for a discussion. Courtesy #DStv403",na,News & Politics,politics;society;television_program,207,hd,FALSE,na,na,https://i.ytimg.com/vi/flzoE9zL_KA/maxresdefault.jpg,1,na,7017,24,0,0,yes,yes,yes,yes
70,923,UCQMML3hAsx-Mz9j9ZN0tThQ,Newzroom Afrika,aBvFbiItMSM,https://www.youtube.com/watch?v=aBvFbiItMSM,2020-09-08T09:23:22Z,2020-09-08 9:23:22,2020,9,8,Clicks has won an interdict to stop the EFF from interfering with its business,"Retail group Clicks has won an interdict to stop the EFF from interfering with its business. Members of the red berets gathered at various outlets of the health and beauty retailer, protesting against a controversial hair advert. Newzroom Afrika's Athi Mtongana speaks to EFF Cape Metro Regional Chairperson, Unathi Ntame. Tune into #Newzroom405 for more.",na,News & Politics,politics;society;television_program,437,hd,FALSE,en,na,https://i.ytimg.com/vi/aBvFbiItMSM/maxresdefault.jpg,na,na,9909,128,0,81,yes,yes,yes,yes
121,876,UCI3RT5PGmdi1KVp9FG_CneA,eNCA,-vdIFk95vPk,https://www.youtube.com/watch?v=-vdIFk95vPk,2020-09-07T08:23:46Z,2020-09-07 8:23:46,2020,9,7,EFF harasses eNCA reporter,"Our reporter, Nobusuthu Hejana, has been harassed by members of the EFF while covering the Clicks story. She's been forced to drop this assignment, and other members of the media have also done so in solidarity with her. Nobesuthu is in Cape Town with this story for us. Courtesy #DStv403",na,News & Politics,politics;society;television_program,348,hd,FALSE,na,na,na,1,na,72113,234,0,0,yes,yes,yes,yes
73,659,UC8yH-uI81UUtEMDsowQyx1g,SABC News,_aH8qJLdKtI,https://www.youtube.com/watch?v=_aH8qJLdKtI,2020-09-07T10:37:05Z,2020-09-07 10:37:05,2020,9,7,EFF vs Clicks | Natasha Phiri updates on EFF's protest at Clicks in Sandton City,"The EFF has vowed to intensify its campaign against Clicks stores across the country following a controversial online advertisement. At least 3 Clicks stores have been petrol bombed or damaged in Emalahleni in Mpumalanga, Alberton in Johannesburg and in Polokwane in Limpopo. The EFF has distanced itself from the attacks on the stores. For more on EFF protest, we cross to our reporter Natasha Phiri in Sandton. For more news, visit sabcnews.com and also #SABCNews, #Coronavirus, #COVID19, #COVID-19News on Social Media.",sabc news;actuality;world news;local news;coronavirus;covid-19;covid-19 lockdown;covid-19 news;economic freedom fighters,News & Politics,society,459,hd,FALSE,na,en,https://i.ytimg.com/vi/_aH8qJLdKtI/maxresdefault.jpg,1,na,30302,203,0,103,yes,yes,yes,yes
81,969,UCxPPgRYHH1NSp2Ya_ROiXxw,TimesLIVE Video,vXyam3MFMqw,https://www.youtube.com/watch?v=vXyam3MFMqw,2020-09-07T10:49:55Z,2020-09-07 10:49:55,2020,9,7,Clicks shutdown: Shivambu leads EFF protest in Sandton while other stores vandalised,"Members of the EFF, led by deputy president Floyd Shivambu, protested outside the Clicks retail store in Sandton City as part of a nationwide protest on September 7 2020. This comes after the retail group released a TRESemm√© advert on its website that has been condemned by the EFF as racist. Meanwhile, police are investigating several incidents across the country where stores were vandalised. For more on this story: https://www.timeslive.co.za/news/south-africa/2020-09-08-clicks-obtains-order-barring-eff-members-from-intimidating-customers-staff/ #ClicksShutdown #EFF #ClicksProtest Subscribe to MultimediaLIVE here: https://www.youtube.com/user/TimesLive Comment Moderation Policy: https://www.timeslive.co.za/comments/",na,News & Politics,society,109,hd,FALSE,na,na,https://i.ytimg.com/vi/vXyam3MFMqw/maxresdefault.jpg,1,na,48765,67,0,41,yes,yes,yes,yes
98,758,UCWVbAybOwwpod4hfiDvc03Q,The Brother Leader,d-2PhlnrlTM,https://www.youtube.com/watch?v=d-2PhlnrlTM,2020-09-09T20:59:15Z,2020-09-09 20:59:15,2020,9,9,Racist Clicks Advertisement Unpacked,"This is video seeks to highlight the depth of hurt Clicks (South African retailer) has caused to millions of black people, in particular black women in South African and across the world. Clicks has put up an advertisement on their website which describes black people's hair as damaged and white people's hair as ""normal"". There is no place for racists/racism in this world!",na,People & Blogs,society,960,hd,FALSE,na,na,https://i.ytimg.com/vi/d-2PhlnrlTM/maxresdefault.jpg,na,na,118,10,0,9,yes,yes,yes,no
120,945,UCMTJdjeJ148pudakrag1azw,King Mshotinarry,KhWmtpOvdjs,https://www.youtube.com/watch?v=KhWmtpOvdjs,2020-09-07T04:00:15Z,2020-09-07 4:00:15,2020,9,7,EFF calls shut down of all Clicks stores in South Africa over a racist ad & Clicks denies,Clicks issued an apology hower EFF ayizwile and they are willing to shut down all stores across South Africa.,eff;clicks;racist;denied,Education,society,116,sd,FALSE,na,en-GB,https://i.ytimg.com/vi/KhWmtpOvdjs/maxresdefault.jpg,na,na,1775,12,0,2,yes,yes,yes,yes
126,916,UCoemSA2Kr6MoNgDMOS5gcyg,Rich SA,_x97wV0adRM,https://www.youtube.com/watch?v=_x97wV0adRM,2020-09-07T09:47:06Z,2020-09-07 9:47:06,2020,9,7,Racist ad cost Clicks stores All over South Africa üëâ shutdown| Eff leader Julius malema Explains|,#Clicksad #eff #shutdownClicks,na,People & Blogs,society,327,hd,FALSE,na,na,na,na,na,23,4,0,1,yes,yes,yes,yes
133,881,UCF-A_4x9-bLrxXrmgBOWuJA,Economic Freedom Fighters,dgUlvv0VKSY,https://www.youtube.com/watch?v=dgUlvv0VKSY,2020-09-07T07:29:10Z,2020-09-07 7:29:10,2020,9,7,"CIC Julius Malema at Clicks, Mall of the North #ClicksMustFall","CIC Julius Malema at Clicks, Mall of the North #ClicksMustFall",na,News & Politics,society,1893,hd,FALSE,na,en-US,https://i.ytimg.com/vi/dgUlvv0VKSY/maxresdefault.jpg,na,na,10996,329,0,0,yes,yes,yes,no
142,955,UCdWF3P7AswCKdoXM_sAdcWQ,Ile Eko Omoluabi,96T3PBtkXLU,https://www.youtube.com/watch?v=96T3PBtkXLU,2020-09-18T21:45:17Z,2020-09-18 21:45:17,2020,9,18,"Hair Politics: Clicks, Weaves and Internalized Anti-Blackness with Ntsiki Mazwai","This was a conversation with Ntsiki Mawai - aka Street Queen on the question of black women wearing their natural hair. Ntsiki shares her thoughts on weaves and its implication on black liberation, economics and self acceptance. ONLINE: www.ntsikimazwai.co.za TWITTER: www.twitter.com/ntsikimazwai SOUNDCLOUD: www.soundcloud.com/ntsikimazwai YOUTUBE CHANNEL: www.youtube.com/ntsikimazwai BLOG: www.wordpress.com/ntsikimazwai iTunes: https://itunes.apple.com/za/album/ndingubani/id663474147 Poems: https://www.youtube.com/watch?v=cpodaCD83H0 | https://www.youtube.com/watch?v=cpodaCD83H0 | https://www.youtube.com/watch?v=JxxF19IVOwo BOOKINGS: ntsiki_mazwai@yahoo.com / missmazwai@gmail.com",natural hair;natural hair care;natural hair journey;natural hairstyels;history of black hair;black hair;going natural;politics and covid-19;you can touch my hair;hair culture;hair tutorial;relaxers;melissa harris perry;black women;straight hair routine;straight hair;politics;how to straighten your hair;hair straightening;women's hair;straight hair hairstyles;upenn;hair;africana,People & Blogs,society,1894,hd,FALSE,na,en,na,na,na,103,5,0,0,yes,yes,yes,no
143,862,UC5G5Dy8-mmp27jo6Frht7iQ,Umgosi Entertainment,8_xPJjpp5qI,https://www.youtube.com/watch?v=8_xPJjpp5qI,2020-09-09T09:18:18Z,2020-09-09 9:18:18,2020,9,9,WATCH WHAT EFF DID TO CLICKS STOREüò≥ |THIS IS GETTING OUT OF HANDüò≥üáøüá¶ | TRENDINGSA,"WATCH WHAT EFF DID TO CLICKS STOREüò≥ |THIS IS GETTING OUT OF HAND Hey sweeties I hope you well, thank you so much for taking your time to watch my video. Please don‚Äôt forget to support me by subscribing, liking and sharing this video, Please comment down below the type of videos you also wanna see on this channel ‚ù§Ô∏è Instagram: ladylondie Facebook page: keeping up with Queen Email : Londeka502@gmail.com FAQ -I‚Äôm 23 years old -I use my iPhone 7 to film -I use iMovie and filmora to edit -I use thumbnail app for my thumbnail",na,People & Blogs,society,140,sd,FALSE,na,en-US,na,1,na,48,3,0,0,yes,yes,yes,yes
154,806,UCzvl9exW-o8IsySPU-ezgoQ,TheKingzRSA,m4KitiLQ0_g,https://www.youtube.com/watch?v=m4KitiLQ0_g,2020-09-09T03:58:58Z,2020-09-09 3:58:58,2020,9,9,EFF Destroy clicks stores|| South Africa,"WELCOME BACK TO THE SPEAKLIFE CHANNLEüî•‚ù§ IN THIS VIDEO I AM GOING To LOOK AT HOW THE EFF Destroy clicks stores|| South Africa WATCH THIS VIDEOüé•üé¨ FULLY AND I HOPE YOU ALL LOVE ‚ù§ IT AND SO DOING LIKE THIS VIDEO üëç COMMENT‚úè ON THE VIDEO AND SHARE WITH YOUR FAMILY ,FRIENDS BECAUSE YOUR DOGSüòÇ AND CATS AS ALREADY SUBSCRIBED WHAT ARE YOU WAITING FOR? üò≤üòÜ AND TURN ON THAT BELL üîî üëà SO THAT YOU WILL BE NOTIFIED EVERY TIME (TUESDAY ) WE DROP A NEW LITE VIDEO #Enews #News24 Don't forget to follow us on the following platforms Gustave *instagram - (@gustave_tshilaba): https://www.instagram.com/gustave_tshilaba/ *Tweeter - (@gustavetshilaba): https://twitter.com/gustavetshilaba?s=09 Patrick Instagram - (@tshilaba7): https://www.instagram.com/tshilaba7/ DIEUDONNE https://www.instagram.com/dieudonnetshilaba?r=nametag Speaklife *Instagram - https://www.instagram.com/speaklife_123/ ¬†*Facebook - https://www.facebook.com/Speak-life-526908537714166/ ¬†*YouTube - https://youtu.be/HFYqN7dFgW0 ¬†*Twitter - https://twitter.com/123Speaklife?s=08 FOLLOW, LIKE, SUBSCRIBE",sabcnews;corona virus;actuality;enews;news24;eff destroy clicks stores|| south africa;eff destroy clicks;why destroying clicks stores eff;enca,Entertainment,society,618,hd,FALSE,na,en,https://i.ytimg.com/vi/m4KitiLQ0_g/maxresdefault.jpg,1,na,205,11,0,9,yes,yes,yes,yes
161,678,UCFnUvf-Lg1nIc5wvl9lx8zQ,Mzansi Hotspot,cuXJVNIGsmc,https://www.youtube.com/watch?v=cuXJVNIGsmc,2020-09-07T09:27:39Z,2020-09-07 9:27:39,2020,9,7,EFF kept its promise against Clicks stores,"EFF kept its promise against Clicks stores Clicks is under fire over their rasist ad #ClicksSA #Clicks #EFF Please don't forget to like, comment, share and subscribe after watching this video. This will help our family to grow",na,Entertainment,society,320,hd,FALSE,na,en,https://i.ytimg.com/vi/cuXJVNIGsmc/maxresdefault.jpg,1,na,531,7,0,11,yes,yes,yes,yes
184,696,UCITau47AeZDY9sO77TA3OUA,ITV News,CcohXCpdWTM,https://www.youtube.com/watch?v=CcohXCpdWTM,2020-09-09T16:03:58Z,2020-09-09 16:03:58,2020,9,9,CLICKS TAKES DECISION TO CLOSE ALL STORES TODAY,"WHILE THE EFF warned that it would keep Clicks stores closed until Friday, the retailer said it had decided to close all branches today to engage with staff, and then hoped to reopen. The closure of hundreds of stores in the pharmaceutical, health and beauty chain for a second consecutive day followed an outcry over the publication of a controversial advert for hair product TRESemm√©. Members of the EFF were dispatched to the stores as part of a national protest against the advert in which black women‚Äôs hair was described as ‚Äúdry and damaged‚Äù while white women‚Äôs hair was represented as flat and fine.",na,People & Blogs,society,41,hd,FALSE,na,en-GB,na,na,na,6,0,0,0,yes,yes,yes,no
192,968,UCfPAD6IOIZ-BEoJCTWBQCZg,Newcastle Advertiser,FfwMMQZR89k,https://www.youtube.com/watch?v=FfwMMQZR89k,2020-09-08T09:29:38Z,2020-09-08 9:29:38,2020,9,8,EFF protests outside Clicks at Newcastle Mall,EFF members gathered at the Newcastle Mall outside the Clicks store.,na,Nonprofits & Activism,society,82,hd,FALSE,na,en-GB,na,na,na,172,1,0,0,yes,yes,yes,yes
208,819,UCH5YH80cdUceo1gEeH0SgoA,Duke University - The Fuqua School of Business,gLgHVhHZkl0,https://www.youtube.com/watch?v=gLgHVhHZkl0,2020-09-11T13:13:23Z,2020-09-11 13:13:23,2020,9,11,Bias Against Black Women with Natural Hair,"Senior Associate Dean Ashleigh Shelby Rosette discusses her recent research that suggests bias against natural hair limits job opportunities for Black women. This video is a recording of a LinkedIn Live broadcast that occurred on September 9, 2020.",duke;university;duke university;fuqua;school;business;the fuqua school of business;mba;durham;nc;race;racism;george floyd;breonna taylor;ahmaud arbery;christian cooper;jacob blake;black hair;natural hair;black;african american;job interview;employment;shooting;police brutality;protests;riots;dreadlocks;braids;cornrows;crown act;white;privilege;bias;injustice;discrimination,Education,society,1719,hd,TRUE,na,en,https://i.ytimg.com/vi/gLgHVhHZkl0/maxresdefault.jpg,1,na,4932,46,0,11,yes,yes,yes,no
234,712,UCMwDXpWEVQVw4ZF7z-E4NoA,StellenboschNews Com,IjXZJsce8ig,https://www.youtube.com/watch?v=IjXZJsce8ig,2020-09-10T13:20:01Z,2020-09-10 13:20:01,2020,9,10,Altercation between SAPS and EFF members and supporters at Clicks,An altercation occurred between the SAPS and EFF at the Eikestad Mall's Clicks in Stellenbosch on 10 September. Video: Supplied.,na,People & Blogs,society,30,hd,FALSE,na,na,na,na,na,324,2,0,0,yes,yes,yes,yes
245,975,UCLmQ9H4BPN4-lrbzTd2a32A,Jamaal Curry,uqALTyO6lPM,https://www.youtube.com/watch?v=uqALTyO6lPM,2020-09-08T03:05:19Z,2020-09-08 3:05:19,2020,9,8,EFF IN SOUTH AFRICA Protest RACIST Advertisement from Retailer CLICKS/ BOYCOTT(brothers and SISTERS),Brothers and SISTERS of the EFF hold CLICKS responsible for racist ADS.. peace..,na,People & Blogs,society,256,sd,FALSE,na,na,na,na,na,131,10,0,3,yes,yes,yes,yes
276,698,UCWGHnEsby7LeFneb3olsE3g,emzi info,gCGlny-t94Y,https://www.youtube.com/watch?v=gCGlny-t94Y,2020-09-08T09:57:22Z,2020-09-08 9:57:22,2020,9,8,Julius malema speaks about clicks must close | clicks store remain close,"for more videos subscribe and press the bell icon. #clicksstoreclose #EFFprotest julius malema, julius malema 2020, julius malema interview, julius malema funny moments, julius malema vbs, julius malema interview judge, julius malema in parliament, julius malema 2020 latest, julius malema on george floyd, julius malema on coronavirus, julius malema on alcohol, julias malema black lives matter, best of julius malema, julius malema corona, julius malema cars, julias malema women's day, julius malema on truck drivers, julius malema youth day, dr malema, julius malema public engagement, julius malema father, julias malema george floyd, julius malema live stream, julius malema on zimbabwe, julius malema house, julius malema house and cars, julius malema interviews, julius malema in parliament 2020, julias malema i'm in charge, julius malema interview today, julius malema interrogation, julius malema june 16, julius malema july 2020, julius malema 25 june 2020, julius malema 16 june 2020, j malema, julius malema,julius malema 2020,julius malema interview,julius malema funny moments,eff protest for george floyd,eff protest march today,eff protest in cape town,protest about clicks store,clicks store,EFF protest about racism,julius malema speaks,julius malema studies,malema julius today,julius malema press,julius malema today,EFF fighting with enca reporter,clicks hair advertise,clicks hair racist advertise reaction,what clicks advertise wrong malema sello julius, julius malema latest, julius malema live, julius malema latest news, julius malema lifestyle, julius malema latest videos, julius malema on lockdown, julias malema moments, julias malema on mnangagwa, malema julius, malema julius today, julius malema news, malema julius news, julius malema on vbs, julias malema on zimbabwe, julias malema on black lives matter, julias malema on zanu pf, julius malema q&a, julius malema speech, julius malema song, julius malema singing, julias malema speeches, julius malema speech today, is julius malema sick, is julius malema from ethiopia, is julius malema father from zimbabwe, is julius malema a zimbabwean, is julius malema from zimbabwe, is julius malema married, is julius malema's father a zimbabwean, is julius malema going back to anc, julius malema today, julius malema truck drivers, julius malema videos, julius malema vs journalist, julius malema wife, julius malema yesterday, julius malema youtube, julius malema with 5 journalists eff protest songs, eff protest for george floyd, eff protest at us embassy, eff protest at free state university, eff protest march today, eff protest in cape town, eff protests today, eff protest in sandton today, eff protest sandton, eff h&m protest, jeff protest, jeff wittek shot protest, jeff bezos protest, jeff bezos house protest, protest against jeff bezos, jeff bezos protestors, jeff shot at protest, jeff favignano protest, eff protest us embassy julius malema speaks, julius malema studies, julius malema 2019, malema julius today, julius malema fighting in parliament",julius malema;julius malema 2020;julius malema interview;julius malema funny moments;eff protest for george floyd;eff protest march today;eff protest in cape town;protest about clicks store;clicks store;eff protest about racism;julius malema speaks;julius malema studies;malema julius today;julius malema press;julius malema today;eff fighting with enca reporter;clicks hair advertise;clicks hair racist advertise reaction;what clicks advertise wrong,Entertainment,society,356,sd,FALSE,na,na,https://i.ytimg.com/vi/gCGlny-t94Y/maxresdefault.jpg,na,na,81,0,0,0,yes,yes,yes,no
309,999,UCDp4zhhGaSQ4ZoCgikqV87w,Local Entertainment,eZp0IIe_YPc,https://www.youtube.com/watch?v=eZp0IIe_YPc,2020-09-08T06:23:02Z,2020-09-08 6:23:02,2020,9,8,EFF members toyi-toying infront of Clicks store,"Please subscribe for more political, sports and entertainment videos",na,People & Blogs,society,146,sd,FALSE,na,na,na,na,na,61,1,0,0,yes,yes,yes,yes
6,824,UCQMML3hAsx-Mz9j9ZN0tThQ,Newzroom Afrika,PG0pYsaIh6s,https://www.youtube.com/watch?v=PG0pYsaIh6s,2020-09-07T13:24:03Z,2020-09-07 13:24:03,2020,9,7,Clicks Group CEO explains the controversial advert,"Vikesh Ramsunder, Clicks Group CEO explains the controversial advert referring to black hair as damaged or frizzy - while the hair of white people is described as fine and flat, and who is responsible for it. Tune into Newzroom Afrika, DSTV channel 405 for more. #Newzroom405",na,News & Politics,society;television_program,393,hd,FALSE,en,na,https://i.ytimg.com/vi/PG0pYsaIh6s/maxresdefault.jpg,na,na,83542,347,0,501,yes,yes,yes,no
22,769,UC8yH-uI81UUtEMDsowQyx1g,SABC News,dGDBWhcPTuI,https://www.youtube.com/watch?v=dGDBWhcPTuI,2020-09-09T07:56:00Z,2020-09-09 7:56:00,2020,9,9,Clicks to close stores on Wednesday and reopens on Thursday,"Retailer, Clicks has closed all its stores today and will reopen them tomorrow following EFF's protests over an online hair advert that denigrated black people. Nonkululeko Gobodo, an independent, non-executive director at the Clicks Group, says the controversial hair advert is both unacceptable and inexcusable. The online advert denigrated the hair of black people, portraying white hair as normal. Amid protests by the EFF, the lifestyle and health retailer has closed all stores today and will re-open them tomorrow in order to offer counselling services to staff. Gobodo says she has highlighted the issue with Clicks management asking it to review the processes used to approve the advert. She also says racism and prejudice against women are crimes, and the country cannot move forward unless these are immediately addressed in society and business. For more news, visit sabcnews.com and also #SABCNews, #Coronavirus, #COVID19, #COVID-19News on Social Media.",sabc news;actuality;world news;local news;coronavirus;covid-19;covid-19 lockdown;covid-19 news;nonkululeko gobodo;clicks,News & Politics,society;television_program,967,hd,FALSE,na,en,https://i.ytimg.com/vi/dGDBWhcPTuI/maxresdefault.jpg,na,na,6457,47,0,54,yes,yes,yes,no
39,714,UCQMML3hAsx-Mz9j9ZN0tThQ,Newzroom Afrika,l7uNl6qGezo,https://www.youtube.com/watch?v=l7uNl6qGezo,2020-09-07T11:45:12Z,2020-09-07 11:45:12,2020,9,7,Concerned consumer Rehana Khan Parker says Clicks' advertisement promotes racial stereotypes,"Rehana Khan Parker, who is a concerned consumer says the discriminatory advertisement by Clicks promotes racial stereotypes. She joins Thami Ngubeni for more. Tune into¬†Newzroom¬†Afrika¬†on DSTV channel 405 for more.",na,News & Politics,society;television_program,529,hd,FALSE,en,na,https://i.ytimg.com/vi/l7uNl6qGezo/maxresdefault.jpg,na,na,2683,31,0,14,yes,yes,yes,no
82,812,UCQMML3hAsx-Mz9j9ZN0tThQ,Newzroom Afrika,vDu0w0k2M0w,https://www.youtube.com/watch?v=vDu0w0k2M0w,2020-09-07T19:06:27Z,2020-09-07 19:06:27,2020,9,7,SACCAWU calls for the protection of Clicks' employees during and after the protests,"With the EFF shutting down #Clicks stores, SACCAWU is calling for the protection of the retailer's employees during and after the protests. For more on this, Thabo Mdluli speaks to SACCAWU Spokesperson, Lucas Ramatlhodi. Tune into Newzroom Afrika, DSTV channel 405 for more. #Newzroom405",na,News & Politics,society;television_program,413,hd,FALSE,en,na,https://i.ytimg.com/vi/vDu0w0k2M0w/maxresdefault.jpg,na,na,862,10,0,12,yes,yes,yes,no
87,688,UCI3RT5PGmdi1KVp9FG_CneA,eNCA,Ra0hdT2gsxU,https://www.youtube.com/watch?v=Ra0hdT2gsxU,2020-09-07T14:20:04Z,2020-09-07 14:20:04,2020,9,7,Discussion | Political and Social Analyst talks on Clicks,"Clicks is the latest retailer to face backlash over racially charged advertising. Tessa Dooms, Political and Social Analyst speaks to eNCA. Courtesy #DStv403",na,News & Politics,society;television_program,470,hd,FALSE,en,en,https://i.ytimg.com/vi/Ra0hdT2gsxU/maxresdefault.jpg,1,na,8752,81,0,na,yes,yes,yes,no
94,707,UC42zupOELomcKAqqE-Dj4Zw,What are we doing here?,YuNvfobgv50,https://www.youtube.com/watch?v=YuNvfobgv50,2020-09-13T18:59:59Z,2020-09-13 18:59:59,2020,9,13,"Clicks Hair Advert, EFF, Cricket SA, Cyril Ramaphosa's Economic Plan and PRASA: South African News","Join Comedians Sam Thomas and Dustin Moore as the take a funny look at each week's biggest South Africa news. In this week's South Africa news, they cover the Clicks Hair Advert, EFF and Julius Malema, Cyril Ramaphosa's economic recovery plan for South Africafollowing months of lockdown and ANC corruption, The continued meltdown at CricketSA and last Railway theft at PRASA. Subscribe to keep up with all the latest South African news with each week's episode of ""What Are We Doing Here"".",sa news;sa news today;anc corruption;loadshedding;south africa news;south african youtubers;south africa news channel;south africa anc corruption;south african anc corruption;anc corruption youtube;eskom news load shedding;anc corruption 2020;sourth african news comedy;daily show south africa;cyril ramaphosa;eskom news;clicks advert;clicks hair advert;eff;julius malema;clicks advert eff;south african news;sa cricket;mzanzi news;what are we doing here,Comedy,society;television_program,337,hd,FALSE,na,en-GB,https://i.ytimg.com/vi/YuNvfobgv50/maxresdefault.jpg,na,Johannesburg,497,19,0,7,yes,yes,yes,yes
193,815,UCNye-wNBqNL5ZzHSJj3l8Bg,Al Jazeera English,2teqoyPe3TU,https://www.youtube.com/watch?v=2teqoyPe3TU,2020-07-26T11:40:57Z,2020-07-26 11:40:57,2020,7,26,"Mammy, Jezebel and Sapphire: Stereotyping Black women in media | The Listening Post (Feature)","The Mammy, Jezebel and Sapphire are three stereotypes of Black women that have been around in Western culture for centuries. These simplistic depictions are rooted in the slave trade and live on today. Faced with an entertainment industry that is dominated by men - mostly white - Black women have gone online to tell their stories. And all the clicks and likes mean that media executives are finally starting to take notice. The Listening Post's Johanna Hoes reports on the media's stereotyping of Black women and the push for change in an industry where diversity has been too long in coming. Contributors: Kovie Biakolo - Culture writer and multiculturalism scholar Francesca Sobande - Lecturer of Digital Media Studies, Cardiff University Naeemah Clark - Professor of Cinema and Television Arts, Elon University and author, Diversity in US Mass Media Babirye Bukilwa - Actor and playwright",black women stereotypes;racism;stereotypes;tv;black stereotypes;television;sexism;film;media;representation;women,News & Politics,society;television_program,549,hd,FALSE,na,na,https://i.ytimg.com/vi/2teqoyPe3TU/maxresdefault.jpg,1,na,113704,3022,0,422,no,no,yes,no
254,835,UCgDipoO5CftWW8h3bKxYb1g,Zenobia,kNY2WcKwxPg,https://www.youtube.com/watch?v=kNY2WcKwxPg,2020-09-08T14:05:48Z,2020-09-08 14:05:48,2020,9,8,WATCH : CLICKS DECIDES TO PULL ALL TRESSEME PRODUCTS FROM THEIR SHELVES COURT GRANT CLICKS INTERDICT,na,na,People & Blogs,society;television_program,137,sd,FALSE,na,na,na,na,na,11,0,0,0,yes,yes,yes,no
293,778,UCpvN33iaDUxWG7wB3soBtGA,Tshepo Matseba APR,fvoGNoiNu4c,https://www.youtube.com/watch?v=fvoGNoiNu4c,2020-09-07T14:50:31Z,2020-09-07 14:50:31,2020,9,7,Clicks Group's reputational risk - Racism in Advertising.,"MD of Reputation 1st Group, Tshepo Matseba unpacks the reputational risk faced by Clicks Group",na,People & Blogs,society;television_program,462,hd,FALSE,na,en,na,na,na,620,2,0,0,yes,yes,yes,no
104,739,UCg3_ouPNOFSbjU_eYg4HslA,Jade Godbolt,f6jM-nbaW-s,https://www.youtube.com/watch?v=f6jM-nbaW-s,2022-01-27T17:34:57Z,2022-01-27 17:34:57,2022,1,27,WE MADE IT! #YoutubeBlack Voices Fund Creator Class of 2022,na,na,Howto & Style,na,43,hd,FALSE,en,en,https://i.ytimg.com/vi/f6jM-nbaW-s/maxresdefault.jpg,1,na,2416,125,0,14,no,no,yes,no
155,901,UC6cXVYTH6jgQ4BP25-9AcYQ,Fresh Trendz,Jy9wL0SEPGU,https://www.youtube.com/watch?v=Jy9wL0SEPGU,2020-09-07T22:11:12Z,2020-09-07 22:11:12,2020,9,7,Clicks Store Has Been Bombed,#Clicks #Dis-chem Subscribe to my channel to get more videos like this :https://bit.ly/3h2wSoc,julius malema;eff leader;clicks;dischem;clicks store under fire;clicks store has been petrol bombed;witbank;saveways center,Entertainment,na,109,hd,FALSE,na,en,https://i.ytimg.com/vi/Jy9wL0SEPGU/maxresdefault.jpg,1,na,130,1,0,0,yes,yes,yes,no
